lang_id,index
tsn,1
nbl,2
ven,3
ssw,4
xho,5
nso,6
xho,7
sot,8
zul,9
eng,10
nso,11
tso,12
tsn,13
sot,14
tso,15
xho,16
xho,17
ssw,18
afr,19
ven,20
afr,21
ven,22
zul,23
afr,24
nso,25
zul,26
zul,27
afr,28
nso,29
tso,30
zul,31
xho,32
sot,33
nso,34
ssw,35
afr,36
nso,37
xho,38
sot,39
eng,40
zul,41
ssw,42
ven,43
nbl,44
afr,45
ven,46
zul,47
ven,48
nbl,49
tsn,50
sot,51
xho,52
sot,53
sot,54
zul,55
ven,56
nbl,57
xho,58
ssw,59
sot,60
afr,61
tso,62
afr,63
zul,64
xho,65
xho,66
sot,67
nso,68
nso,69
zul,70
tsn,71
tso,72
xho,73
nso,74
afr,75
ven,76
zul,77
tso,78
xho,79
ssw,80
tsn,81
nso,82
xho,83
nso,84
xho,85
nso,86
sot,87
tso,88
tso,89
xho,90
ssw,91
xho,92
zul,93
sot,94
xho,95
nso,96
afr,97
ssw,98
ven,99
nbl,100
xho,101
tso,102
nso,103
zul,104
ven,105
ven,106
zul,107
nso,108
sot,109
sot,110
xho,111
zul,112
xho,113
tso,114
zul,115
sot,116
afr,117
zul,118
eng,119
eng,120
sot,121
eng,122
nbl,123
tso,124
nso,125
afr,126
xho,127
tso,128
tso,129
tsn,130
tso,131
ven,132
zul,133
sot,134
tsn,135
xho,136
xho,137
sot,138
ssw,139
afr,140
sot,141
tsn,142
nbl,143
nso,144
nbl,145
ven,146
nso,147
sot,148
xho,149
ven,150
nso,151
xho,152
xho,153
tsn,154
zul,155
ven,156
xho,157
tsn,158
eng,159
sot,160
zul,161
tso,162
nso,163
xho,164
xho,165
sot,166
nbl,167
zul,168
eng,169
nbl,170
zul,171
nso,172
xho,173
afr,174
tso,175
nso,176
afr,177
xho,178
tso,179
xho,180
tsn,181
nso,182
ssw,183
ssw,184
sot,185
sot,186
zul,187
zul,188
zul,189
nbl,190
xho,191
tso,192
sot,193
afr,194
zul,195
nso,196
sot,197
nbl,198
xho,199
eng,200
nso,201
afr,202
nbl,203
ven,204
nbl,205
afr,206
xho,207
ven,208
tsn,209
ssw,210
zul,211
tso,212
afr,213
nbl,214
ven,215
afr,216
afr,217
tso,218
afr,219
eng,220
tso,221
ven,222
afr,223
eng,224
eng,225
tsn,226
nso,227
eng,228
xho,229
nso,230
nbl,231
ven,232
ven,233
sot,234
xho,235
xho,236
sot,237
tso,238
sot,239
nso,240
afr,241
xho,242
ssw,243
nbl,244
ssw,245
nso,246
nso,247
nso,248
nbl,249
ssw,250
zul,251
sot,252
sot,253
afr,254
zul,255
zul,256
nso,257
tsn,258
xho,259
tsn,260
zul,261
xho,262
nbl,263
sot,264
nbl,265
xho,266
ven,267
ssw,268
zul,269
afr,270
nso,271
afr,272
ssw,273
nso,274
ven,275
sot,276
ven,277
xho,278
sot,279
ssw,280
xho,281
nso,282
zul,283
nbl,284
eng,285
xho,286
nso,287
zul,288
xho,289
sot,290
nso,291
nso,292
tso,293
nso,294
tsn,295
xho,296
nso,297
xho,298
zul,299
sot,300
zul,301
afr,302
xho,303
xho,304
nso,305
eng,306
nso,307
sot,308
ven,309
xho,310
ssw,311
zul,312
tso,313
xho,314
afr,315
nso,316
afr,317
nso,318
ven,319
ven,320
xho,321
xho,322
sot,323
nso,324
xho,325
afr,326
xho,327
tsn,328
ven,329
afr,330
nbl,331
xho,332
ssw,333
ssw,334
sot,335
afr,336
afr,337
ven,338
tso,339
sot,340
nso,341
ssw,342
xho,343
ven,344
tso,345
tsn,346
tso,347
tso,348
xho,349
afr,350
xho,351
afr,352
nso,353
nso,354
sot,355
ssw,356
ven,357
nso,358
tsn,359
zul,360
afr,361
tso,362
xho,363
tso,364
tso,365
xho,366
zul,367
xho,368
eng,369
afr,370
nbl,371
afr,372
ven,373
xho,374
ven,375
tsn,376
nso,377
zul,378
nso,379
nso,380
tso,381
tsn,382
xho,383
tsn,384
afr,385
tsn,386
xho,387
sot,388
zul,389
sot,390
nso,391
afr,392
xho,393
nso,394
nbl,395
nso,396
xho,397
sot,398
afr,399
zul,400
sot,401
tso,402
nso,403
nso,404
eng,405
nso,406
eng,407
nbl,408
tso,409
zul,410
xho,411
ssw,412
nso,413
nso,414
xho,415
nso,416
xho,417
tso,418
tso,419
tso,420
tsn,421
ven,422
ven,423
xho,424
ven,425
afr,426
sot,427
nbl,428
zul,429
zul,430
nso,431
xho,432
tsn,433
tsn,434
afr,435
ven,436
afr,437
tso,438
xho,439
ven,440
nso,441
xho,442
sot,443
xho,444
ssw,445
xho,446
tso,447
zul,448
tsn,449
nbl,450
ssw,451
ssw,452
ven,453
eng,454
tsn,455
ven,456
tsn,457
afr,458
sot,459
ssw,460
ven,461
afr,462
xho,463
sot,464
ven,465
xho,466
ssw,467
xho,468
zul,469
zul,470
xho,471
xho,472
afr,473
afr,474
nso,475
xho,476
xho,477
nso,478
sot,479
tso,480
zul,481
tso,482
afr,483
nbl,484
zul,485
ssw,486
eng,487
ven,488
nso,489
nso,490
nso,491
nso,492
xho,493
ven,494
nso,495
ven,496
ven,497
ven,498
zul,499
ven,500
nbl,501
xho,502
nbl,503
tsn,504
nso,505
afr,506
xho,507
sot,508
afr,509
afr,510
afr,511
nbl,512
eng,513
tsn,514
afr,515
tsn,516
eng,517
xho,518
tso,519
ven,520
ssw,521
xho,522
ven,523
tsn,524
afr,525
ven,526
nbl,527
xho,528
sot,529
nso,530
nso,531
xho,532
tsn,533
tsn,534
tsn,535
tso,536
tsn,537
xho,538
ven,539
xho,540
xho,541
zul,542
tso,543
xho,544
ssw,545
tso,546
xho,547
eng,548
nso,549
tsn,550
tsn,551
eng,552
zul,553
xho,554
ven,555
zul,556
sot,557
ven,558
afr,559
nbl,560
tsn,561
xho,562
afr,563
zul,564
ssw,565
xho,566
xho,567
tsn,568
xho,569
afr,570
xho,571
tsn,572
sot,573
ssw,574
tsn,575
tsn,576
nbl,577
nbl,578
afr,579
xho,580
xho,581
sot,582
xho,583
ven,584
afr,585
ven,586
eng,587
eng,588
afr,589
afr,590
xho,591
sot,592
ven,593
afr,594
nso,595
ven,596
ssw,597
ven,598
ven,599
afr,600
zul,601
afr,602
nso,603
nso,604
tso,605
ven,606
nso,607
afr,608
xho,609
ven,610
tsn,611
sot,612
ssw,613
xho,614
afr,615
tso,616
nso,617
ven,618
xho,619
tso,620
tso,621
nbl,622
xho,623
xho,624
nso,625
zul,626
xho,627
ven,628
ven,629
zul,630
xho,631
xho,632
ssw,633
sot,634
afr,635
xho,636
nbl,637
eng,638
sot,639
tsn,640
ven,641
tso,642
tsn,643
tso,644
tsn,645
afr,646
xho,647
xho,648
tso,649
sot,650
xho,651
tsn,652
ven,653
nso,654
ven,655
afr,656
sot,657
sot,658
sot,659
zul,660
xho,661
afr,662
tsn,663
tso,664
ven,665
nbl,666
sot,667
xho,668
sot,669
nbl,670
nso,671
afr,672
tso,673
tsn,674
xho,675
nbl,676
afr,677
afr,678
xho,679
nso,680
xho,681
xho,682
zul,683
zul,684
sot,685
xho,686
nbl,687
xho,688
nso,689
xho,690
eng,691
afr,692
tsn,693
afr,694
ssw,695
zul,696
tso,697
nso,698
tsn,699
ven,700
sot,701
tso,702
tsn,703
xho,704
sot,705
tsn,706
xho,707
nso,708
xho,709
nso,710
sot,711
tsn,712
zul,713
tso,714
ven,715
sot,716
tso,717
tso,718
afr,719
eng,720
ven,721
afr,722
xho,723
sot,724
xho,725
xho,726
nso,727
nbl,728
sot,729
xho,730
xho,731
sot,732
sot,733
tsn,734
eng,735
afr,736
ssw,737
eng,738
afr,739
ven,740
afr,741
sot,742
tsn,743
tsn,744
eng,745
tsn,746
xho,747
tso,748
ven,749
zul,750
ssw,751
afr,752
xho,753
tsn,754
eng,755
nso,756
nbl,757
tso,758
tso,759
ssw,760
afr,761
tsn,762
nso,763
ven,764
xho,765
nso,766
nso,767
nso,768
sot,769
xho,770
eng,771
tsn,772
ven,773
afr,774
eng,775
tso,776
nso,777
ssw,778
afr,779
tsn,780
nbl,781
zul,782
afr,783
nso,784
sot,785
afr,786
xho,787
nso,788
nso,789
tso,790
zul,791
xho,792
nbl,793
tso,794
eng,795
xho,796
tsn,797
xho,798
tsn,799
ssw,800
xho,801
afr,802
nso,803
nso,804
xho,805
tso,806
tsn,807
afr,808
xho,809
zul,810
eng,811
nso,812
zul,813
ven,814
nbl,815
nso,816
xho,817
tsn,818
afr,819
nbl,820
afr,821
ven,822
nso,823
zul,824
zul,825
sot,826
ven,827
nso,828
ven,829
afr,830
nso,831
xho,832
ssw,833
ssw,834
eng,835
xho,836
afr,837
afr,838
tsn,839
nso,840
xho,841
ven,842
zul,843
tsn,844
xho,845
ven,846
ven,847
xho,848
sot,849
ven,850
tsn,851
zul,852
ven,853
xho,854
ven,855
sot,856
afr,857
nbl,858
xho,859
afr,860
nbl,861
tsn,862
ven,863
tsn,864
xho,865
xho,866
ssw,867
afr,868
nso,869
ven,870
xho,871
nbl,872
ven,873
tso,874
nso,875
sot,876
xho,877
afr,878
xho,879
xho,880
xho,881
afr,882
ven,883
nso,884
xho,885
nbl,886
xho,887
nso,888
afr,889
afr,890
sot,891
tsn,892
tso,893
tsn,894
afr,895
sot,896
ven,897
zul,898
eng,899
xho,900
zul,901
xho,902
xho,903
xho,904
sot,905
ven,906
xho,907
xho,908
xho,909
ven,910
nbl,911
eng,912
xho,913
nso,914
nso,915
nso,916
ven,917
ssw,918
nso,919
ven,920
sot,921
afr,922
ssw,923
afr,924
sot,925
ven,926
sot,927
zul,928
afr,929
xho,930
xho,931
tso,932
ven,933
tsn,934
tso,935
xho,936
nbl,937
sot,938
nso,939
tso,940
xho,941
tsn,942
tso,943
tsn,944
nso,945
afr,946
ven,947
nso,948
ven,949
tsn,950
ssw,951
xho,952
sot,953
zul,954
eng,955
sot,956
xho,957
ssw,958
ven,959
ssw,960
nso,961
tso,962
ssw,963
tso,964
afr,965
tsn,966
afr,967
tso,968
tsn,969
zul,970
xho,971
ven,972
nso,973
zul,974
sot,975
nso,976
nso,977
ssw,978
tsn,979
zul,980
tso,981
xho,982
afr,983
xho,984
xho,985
ssw,986
ven,987
xho,988
afr,989
ven,990
nbl,991
xho,992
tsn,993
ven,994
afr,995
ven,996
nso,997
afr,998
ssw,999
afr,1000
xho,1001
tso,1002
tsn,1003
sot,1004
afr,1005
xho,1006
sot,1007
ssw,1008
zul,1009
xho,1010
xho,1011
xho,1012
ven,1013
xho,1014
afr,1015
tsn,1016
sot,1017
afr,1018
xho,1019
tso,1020
tsn,1021
nso,1022
afr,1023
tso,1024
nbl,1025
afr,1026
sot,1027
afr,1028
ssw,1029
xho,1030
ssw,1031
sot,1032
xho,1033
tso,1034
sot,1035
nso,1036
tso,1037
nso,1038
nso,1039
afr,1040
tso,1041
afr,1042
zul,1043
nso,1044
tso,1045
afr,1046
xho,1047
eng,1048
sot,1049
ssw,1050
zul,1051
nso,1052
nso,1053
xho,1054
nso,1055
eng,1056
sot,1057
sot,1058
tsn,1059
ssw,1060
eng,1061
xho,1062
xho,1063
nso,1064
tsn,1065
zul,1066
tso,1067
ssw,1068
zul,1069
tsn,1070
tsn,1071
sot,1072
tso,1073
eng,1074
tsn,1075
sot,1076
zul,1077
xho,1078
xho,1079
sot,1080
nbl,1081
ven,1082
xho,1083
tsn,1084
zul,1085
sot,1086
ven,1087
tsn,1088
nso,1089
xho,1090
tso,1091
xho,1092
ven,1093
tso,1094
xho,1095
xho,1096
ven,1097
tso,1098
xho,1099
sot,1100
xho,1101
zul,1102
zul,1103
sot,1104
nso,1105
xho,1106
nso,1107
nso,1108
ven,1109
ven,1110
xho,1111
nbl,1112
tso,1113
tso,1114
afr,1115
afr,1116
afr,1117
tso,1118
tsn,1119
ven,1120
nso,1121
tsn,1122
nso,1123
afr,1124
tsn,1125
tso,1126
ven,1127
tso,1128
afr,1129
tso,1130
sot,1131
afr,1132
xho,1133
zul,1134
tsn,1135
xho,1136
tsn,1137
zul,1138
ven,1139
eng,1140
tso,1141
afr,1142
zul,1143
tso,1144
tso,1145
ven,1146
ven,1147
tsn,1148
nso,1149
zul,1150
ven,1151
xho,1152
nso,1153
xho,1154
tsn,1155
xho,1156
sot,1157
nso,1158
tso,1159
xho,1160
sot,1161
xho,1162
ssw,1163
tso,1164
eng,1165
xho,1166
xho,1167
nbl,1168
tso,1169
xho,1170
tsn,1171
tsn,1172
eng,1173
nbl,1174
eng,1175
ssw,1176
nso,1177
nbl,1178
eng,1179
zul,1180
xho,1181
nso,1182
nso,1183
nso,1184
nso,1185
afr,1186
ven,1187
sot,1188
nso,1189
nso,1190
nso,1191
ven,1192
eng,1193
xho,1194
nso,1195
afr,1196
zul,1197
sot,1198
zul,1199
zul,1200
tso,1201
tso,1202
nso,1203
xho,1204
tsn,1205
afr,1206
xho,1207
nso,1208
nso,1209
afr,1210
sot,1211
nso,1212
xho,1213
zul,1214
eng,1215
xho,1216
afr,1217
ssw,1218
ssw,1219
afr,1220
tso,1221
nso,1222
afr,1223
zul,1224
ssw,1225
zul,1226
tso,1227
nbl,1228
eng,1229
nbl,1230
ssw,1231
xho,1232
ven,1233
tsn,1234
sot,1235
ven,1236
xho,1237
afr,1238
zul,1239
sot,1240
afr,1241
ssw,1242
afr,1243
xho,1244
ssw,1245
sot,1246
eng,1247
sot,1248
xho,1249
nso,1250
ssw,1251
zul,1252
nso,1253
tso,1254
nso,1255
ven,1256
nso,1257
sot,1258
xho,1259
ssw,1260
afr,1261
tsn,1262
ssw,1263
xho,1264
afr,1265
nbl,1266
tso,1267
nso,1268
nbl,1269
ven,1270
zul,1271
nso,1272
ven,1273
afr,1274
ssw,1275
afr,1276
xho,1277
xho,1278
eng,1279
tso,1280
xho,1281
eng,1282
nbl,1283
ven,1284
afr,1285
tsn,1286
nso,1287
zul,1288
sot,1289
xho,1290
afr,1291
afr,1292
xho,1293
ven,1294
afr,1295
ven,1296
xho,1297
sot,1298
tsn,1299
nso,1300
nbl,1301
ssw,1302
xho,1303
ven,1304
sot,1305
nso,1306
afr,1307
ssw,1308
afr,1309
sot,1310
nso,1311
xho,1312
nso,1313
zul,1314
tso,1315
nbl,1316
ssw,1317
nbl,1318
nso,1319
sot,1320
afr,1321
nso,1322
afr,1323
ven,1324
sot,1325
afr,1326
afr,1327
tso,1328
sot,1329
tsn,1330
ssw,1331
zul,1332
tso,1333
zul,1334
ssw,1335
tsn,1336
zul,1337
sot,1338
afr,1339
nso,1340
ven,1341
sot,1342
nso,1343
nso,1344
tsn,1345
nbl,1346
tsn,1347
nso,1348
nso,1349
tso,1350
tso,1351
xho,1352
sot,1353
xho,1354
ven,1355
xho,1356
nbl,1357
sot,1358
zul,1359
xho,1360
xho,1361
xho,1362
tsn,1363
afr,1364
sot,1365
ven,1366
nso,1367
tso,1368
tso,1369
nso,1370
eng,1371
ven,1372
xho,1373
xho,1374
xho,1375
ven,1376
xho,1377
tsn,1378
sot,1379
nbl,1380
ven,1381
xho,1382
ven,1383
tsn,1384
tsn,1385
xho,1386
ven,1387
ven,1388
tsn,1389
afr,1390
ssw,1391
afr,1392
ven,1393
tso,1394
nso,1395
zul,1396
xho,1397
tso,1398
tsn,1399
nso,1400
zul,1401
tsn,1402
afr,1403
afr,1404
tsn,1405
nso,1406
sot,1407
xho,1408
tso,1409
afr,1410
zul,1411
nso,1412
tso,1413
sot,1414
afr,1415
tso,1416
nso,1417
nso,1418
zul,1419
nso,1420
tsn,1421
tsn,1422
afr,1423
tsn,1424
ven,1425
xho,1426
tsn,1427
ven,1428
nso,1429
xho,1430
afr,1431
ven,1432
tso,1433
sot,1434
tso,1435
xho,1436
nbl,1437
nso,1438
ven,1439
nso,1440
ssw,1441
zul,1442
ssw,1443
nso,1444
xho,1445
afr,1446
xho,1447
sot,1448
xho,1449
xho,1450
ven,1451
zul,1452
zul,1453
ven,1454
nso,1455
zul,1456
xho,1457
ven,1458
afr,1459
zul,1460
xho,1461
afr,1462
zul,1463
ven,1464
eng,1465
ssw,1466
afr,1467
tsn,1468
tsn,1469
zul,1470
xho,1471
afr,1472
zul,1473
tso,1474
nbl,1475
sot,1476
nso,1477
ven,1478
xho,1479
xho,1480
afr,1481
afr,1482
afr,1483
nbl,1484
sot,1485
sot,1486
tso,1487
zul,1488
afr,1489
xho,1490
xho,1491
ssw,1492
tsn,1493
xho,1494
ven,1495
xho,1496
sot,1497
afr,1498
xho,1499
ven,1500
eng,1501
ssw,1502
ssw,1503
nso,1504
nso,1505
ven,1506
ssw,1507
ven,1508
sot,1509
tsn,1510
ven,1511
zul,1512
ven,1513
ssw,1514
eng,1515
xho,1516
xho,1517
tsn,1518
ven,1519
sot,1520
tso,1521
sot,1522
afr,1523
eng,1524
tso,1525
sot,1526
zul,1527
sot,1528
eng,1529
afr,1530
ssw,1531
xho,1532
xho,1533
tsn,1534
ven,1535
sot,1536
nso,1537
afr,1538
tso,1539
sot,1540
ven,1541
nbl,1542
ssw,1543
zul,1544
xho,1545
xho,1546
afr,1547
xho,1548
tsn,1549
ven,1550
sot,1551
eng,1552
ven,1553
sot,1554
ven,1555
xho,1556
xho,1557
zul,1558
tsn,1559
xho,1560
nbl,1561
tsn,1562
ven,1563
tsn,1564
ven,1565
ssw,1566
tso,1567
ssw,1568
nso,1569
xho,1570
zul,1571
xho,1572
ssw,1573
nbl,1574
ven,1575
xho,1576
xho,1577
afr,1578
ssw,1579
zul,1580
eng,1581
nso,1582
xho,1583
zul,1584
sot,1585
zul,1586
tsn,1587
ven,1588
zul,1589
sot,1590
eng,1591
nso,1592
nso,1593
xho,1594
ssw,1595
nso,1596
nbl,1597
zul,1598
tsn,1599
zul,1600
xho,1601
zul,1602
zul,1603
xho,1604
zul,1605
ssw,1606
tso,1607
zul,1608
tsn,1609
nbl,1610
xho,1611
zul,1612
nso,1613
zul,1614
nso,1615
sot,1616
tso,1617
zul,1618
zul,1619
nbl,1620
nso,1621
xho,1622
xho,1623
ven,1624
zul,1625
tso,1626
zul,1627
ssw,1628
afr,1629
xho,1630
eng,1631
xho,1632
nbl,1633
xho,1634
sot,1635
zul,1636
ven,1637
zul,1638
sot,1639
afr,1640
nbl,1641
tso,1642
eng,1643
afr,1644
ven,1645
tso,1646
nso,1647
xho,1648
ssw,1649
ssw,1650
tso,1651
nso,1652
xho,1653
nso,1654
ven,1655
tsn,1656
tso,1657
afr,1658
afr,1659
zul,1660
tso,1661
afr,1662
nbl,1663
sot,1664
nbl,1665
tsn,1666
afr,1667
nbl,1668
nso,1669
sot,1670
afr,1671
xho,1672
ven,1673
ven,1674
afr,1675
zul,1676
afr,1677
nso,1678
xho,1679
tsn,1680
tso,1681
sot,1682
afr,1683
ven,1684
sot,1685
sot,1686
ven,1687
nso,1688
afr,1689
ssw,1690
afr,1691
zul,1692
tso,1693
sot,1694
sot,1695
afr,1696
nbl,1697
nbl,1698
tso,1699
tsn,1700
xho,1701
ven,1702
zul,1703
tsn,1704
nso,1705
zul,1706
sot,1707
zul,1708
ssw,1709
afr,1710
ssw,1711
afr,1712
tsn,1713
xho,1714
ven,1715
afr,1716
tsn,1717
nbl,1718
zul,1719
zul,1720
xho,1721
ven,1722
tsn,1723
ven,1724
sot,1725
ven,1726
nso,1727
zul,1728
ven,1729
nbl,1730
ven,1731
afr,1732
eng,1733
xho,1734
xho,1735
xho,1736
ven,1737
xho,1738
ven,1739
ven,1740
xho,1741
xho,1742
ven,1743
tsn,1744
sot,1745
xho,1746
sot,1747
ssw,1748
nso,1749
nso,1750
sot,1751
zul,1752
tso,1753
afr,1754
ven,1755
ven,1756
ven,1757
tso,1758
afr,1759
nso,1760
tsn,1761
ssw,1762
xho,1763
nso,1764
ssw,1765
xho,1766
afr,1767
nbl,1768
xho,1769
zul,1770
sot,1771
sot,1772
ven,1773
nbl,1774
ssw,1775
tso,1776
ven,1777
tso,1778
sot,1779
zul,1780
tso,1781
ven,1782
nso,1783
nso,1784
tso,1785
zul,1786
nbl,1787
xho,1788
tsn,1789
xho,1790
afr,1791
tsn,1792
nso,1793
tsn,1794
ssw,1795
zul,1796
xho,1797
xho,1798
zul,1799
eng,1800
zul,1801
tso,1802
nso,1803
sot,1804
sot,1805
nbl,1806
ven,1807
tsn,1808
xho,1809
ven,1810
ven,1811
ssw,1812
zul,1813
ven,1814
sot,1815
tso,1816
xho,1817
nso,1818
zul,1819
xho,1820
afr,1821
nbl,1822
afr,1823
tsn,1824
afr,1825
xho,1826
tsn,1827
xho,1828
ssw,1829
afr,1830
tso,1831
tso,1832
sot,1833
nso,1834
xho,1835
ssw,1836
xho,1837
tsn,1838
afr,1839
tso,1840
xho,1841
nso,1842
nbl,1843
afr,1844
xho,1845
nbl,1846
xho,1847
nso,1848
tsn,1849
ssw,1850
nso,1851
nso,1852
afr,1853
nso,1854
sot,1855
afr,1856
xho,1857
ssw,1858
nso,1859
sot,1860
nbl,1861
nbl,1862
ssw,1863
ssw,1864
eng,1865
ven,1866
zul,1867
xho,1868
zul,1869
xho,1870
zul,1871
sot,1872
nbl,1873
ven,1874
tso,1875
tsn,1876
ven,1877
xho,1878
xho,1879
tso,1880
sot,1881
ven,1882
nso,1883
ven,1884
ven,1885
xho,1886
sot,1887
nso,1888
sot,1889
ven,1890
tsn,1891
eng,1892
nbl,1893
nbl,1894
afr,1895
xho,1896
sot,1897
ven,1898
nso,1899
sot,1900
xho,1901
ven,1902
tsn,1903
tsn,1904
tsn,1905
tsn,1906
tsn,1907
ven,1908
xho,1909
nbl,1910
nso,1911
ven,1912
afr,1913
afr,1914
afr,1915
xho,1916
ssw,1917
nbl,1918
tso,1919
tsn,1920
xho,1921
nso,1922
sot,1923
zul,1924
xho,1925
sot,1926
ven,1927
afr,1928
ven,1929
sot,1930
tsn,1931
sot,1932
ven,1933
xho,1934
zul,1935
zul,1936
xho,1937
nso,1938
afr,1939
afr,1940
xho,1941
tsn,1942
nbl,1943
zul,1944
zul,1945
ven,1946
nso,1947
zul,1948
xho,1949
nso,1950
afr,1951
nso,1952
nso,1953
sot,1954
nbl,1955
ssw,1956
nbl,1957
ven,1958
tsn,1959
xho,1960
ven,1961
afr,1962
tso,1963
ssw,1964
ssw,1965
ssw,1966
ssw,1967
nso,1968
tsn,1969
afr,1970
xho,1971
sot,1972
ssw,1973
zul,1974
tsn,1975
nso,1976
xho,1977
afr,1978
nso,1979
sot,1980
nso,1981
tsn,1982
nso,1983
tsn,1984
ssw,1985
tso,1986
nso,1987
xho,1988
sot,1989
zul,1990
ssw,1991
tso,1992
tso,1993
nso,1994
ven,1995
ven,1996
zul,1997
eng,1998
xho,1999
xho,2000
ven,2001
ven,2002
nso,2003
xho,2004
xho,2005
xho,2006
tso,2007
xho,2008
sot,2009
tsn,2010
ssw,2011
zul,2012
ven,2013
afr,2014
zul,2015
nso,2016
xho,2017
afr,2018
xho,2019
zul,2020
sot,2021
tsn,2022
tso,2023
nbl,2024
xho,2025
xho,2026
nso,2027
nso,2028
xho,2029
tso,2030
nso,2031
xho,2032
ven,2033
ven,2034
tsn,2035
tso,2036
sot,2037
tso,2038
xho,2039
sot,2040
afr,2041
nso,2042
nso,2043
xho,2044
nso,2045
nso,2046
sot,2047
nso,2048
afr,2049
afr,2050
ssw,2051
eng,2052
nso,2053
tsn,2054
nso,2055
afr,2056
eng,2057
nso,2058
tso,2059
afr,2060
tso,2061
xho,2062
tso,2063
zul,2064
eng,2065
xho,2066
ven,2067
tsn,2068
xho,2069
xho,2070
nso,2071
tsn,2072
sot,2073
nso,2074
ven,2075
eng,2076
afr,2077
ven,2078
zul,2079
xho,2080
afr,2081
sot,2082
afr,2083
eng,2084
xho,2085
nbl,2086
sot,2087
xho,2088
sot,2089
ssw,2090
nbl,2091
sot,2092
ven,2093
nbl,2094
xho,2095
tsn,2096
xho,2097
ven,2098
tso,2099
sot,2100
nso,2101
xho,2102
eng,2103
tso,2104
xho,2105
xho,2106
zul,2107
ven,2108
tso,2109
xho,2110
zul,2111
afr,2112
afr,2113
tsn,2114
nso,2115
nbl,2116
nso,2117
tsn,2118
tsn,2119
xho,2120
sot,2121
tso,2122
ven,2123
ssw,2124
sot,2125
afr,2126
afr,2127
tso,2128
zul,2129
tso,2130
sot,2131
nso,2132
nso,2133
nso,2134
sot,2135
tso,2136
afr,2137
eng,2138
sot,2139
xho,2140
nso,2141
sot,2142
ssw,2143
tso,2144
ven,2145
afr,2146
sot,2147
tso,2148
zul,2149
afr,2150
xho,2151
tso,2152
ven,2153
nso,2154
zul,2155
zul,2156
xho,2157
nbl,2158
nso,2159
zul,2160
afr,2161
nso,2162
xho,2163
xho,2164
xho,2165
ven,2166
xho,2167
tso,2168
nbl,2169
nso,2170
ssw,2171
tso,2172
tsn,2173
nso,2174
ven,2175
afr,2176
ven,2177
ven,2178
nso,2179
xho,2180
xho,2181
tso,2182
tso,2183
xho,2184
sot,2185
nso,2186
tsn,2187
xho,2188
nbl,2189
ssw,2190
ssw,2191
afr,2192
sot,2193
tso,2194
ven,2195
nso,2196
tso,2197
tso,2198
afr,2199
xho,2200
xho,2201
xho,2202
zul,2203
sot,2204
nbl,2205
nso,2206
xho,2207
xho,2208
tsn,2209
ssw,2210
afr,2211
ssw,2212
ven,2213
tsn,2214
nso,2215
ssw,2216
tso,2217
afr,2218
tsn,2219
xho,2220
nso,2221
xho,2222
nso,2223
nbl,2224
ssw,2225
sot,2226
zul,2227
zul,2228
nbl,2229
afr,2230
tsn,2231
ssw,2232
eng,2233
eng,2234
zul,2235
afr,2236
zul,2237
zul,2238
xho,2239
ssw,2240
eng,2241
ven,2242
afr,2243
zul,2244
xho,2245
ssw,2246
xho,2247
xho,2248
xho,2249
xho,2250
tsn,2251
xho,2252
nso,2253
eng,2254
nso,2255
nbl,2256
sot,2257
sot,2258
tsn,2259
ssw,2260
ven,2261
ven,2262
nso,2263
nso,2264
afr,2265
tso,2266
sot,2267
afr,2268
ven,2269
sot,2270
sot,2271
sot,2272
nso,2273
xho,2274
nso,2275
tsn,2276
sot,2277
afr,2278
ssw,2279
zul,2280
ven,2281
tso,2282
eng,2283
nbl,2284
xho,2285
zul,2286
nso,2287
eng,2288
nso,2289
tso,2290
tso,2291
afr,2292
xho,2293
nso,2294
ssw,2295
xho,2296
afr,2297
sot,2298
sot,2299
ven,2300
sot,2301
afr,2302
xho,2303
sot,2304
afr,2305
xho,2306
tsn,2307
xho,2308
nso,2309
zul,2310
zul,2311
sot,2312
ven,2313
sot,2314
nso,2315
afr,2316
xho,2317
xho,2318
sot,2319
afr,2320
sot,2321
sot,2322
zul,2323
tso,2324
ven,2325
xho,2326
nso,2327
ssw,2328
xho,2329
zul,2330
nso,2331
tsn,2332
nso,2333
nso,2334
xho,2335
ven,2336
xho,2337
tsn,2338
nso,2339
tsn,2340
ssw,2341
tsn,2342
ssw,2343
xho,2344
nso,2345
sot,2346
ven,2347
zul,2348
nbl,2349
xho,2350
nbl,2351
sot,2352
afr,2353
zul,2354
ssw,2355
nso,2356
zul,2357
ven,2358
nso,2359
zul,2360
xho,2361
nbl,2362
nso,2363
xho,2364
xho,2365
zul,2366
nso,2367
sot,2368
afr,2369
zul,2370
nso,2371
afr,2372
xho,2373
zul,2374
ssw,2375
nbl,2376
afr,2377
tso,2378
afr,2379
tso,2380
ven,2381
zul,2382
xho,2383
afr,2384
nso,2385
nso,2386
ven,2387
xho,2388
xho,2389
xho,2390
zul,2391
xho,2392
xho,2393
ssw,2394
eng,2395
sot,2396
nso,2397
afr,2398
ven,2399
sot,2400
xho,2401
tsn,2402
ven,2403
afr,2404
afr,2405
ssw,2406
afr,2407
afr,2408
tsn,2409
ssw,2410
afr,2411
afr,2412
sot,2413
nso,2414
nso,2415
tsn,2416
ven,2417
zul,2418
ven,2419
sot,2420
ven,2421
nso,2422
tso,2423
nso,2424
afr,2425
ven,2426
afr,2427
sot,2428
tsn,2429
nso,2430
tso,2431
xho,2432
ssw,2433
ssw,2434
nso,2435
xho,2436
xho,2437
nbl,2438
ven,2439
xho,2440
xho,2441
zul,2442
xho,2443
nso,2444
nbl,2445
xho,2446
nso,2447
zul,2448
nbl,2449
afr,2450
nso,2451
afr,2452
nbl,2453
eng,2454
ven,2455
sot,2456
xho,2457
nbl,2458
sot,2459
xho,2460
afr,2461
nso,2462
nso,2463
xho,2464
zul,2465
nbl,2466
ven,2467
afr,2468
tso,2469
xho,2470
afr,2471
nbl,2472
ven,2473
ssw,2474
nbl,2475
xho,2476
xho,2477
nso,2478
ven,2479
nbl,2480
xho,2481
nbl,2482
sot,2483
tso,2484
nbl,2485
ven,2486
xho,2487
xho,2488
nbl,2489
ven,2490
nbl,2491
afr,2492
sot,2493
tsn,2494
nso,2495
tsn,2496
ssw,2497
xho,2498
ven,2499
xho,2500
xho,2501
xho,2502
afr,2503
tsn,2504
nbl,2505
sot,2506
ssw,2507
afr,2508
xho,2509
afr,2510
eng,2511
tso,2512
nso,2513
zul,2514
tsn,2515
nso,2516
zul,2517
nso,2518
zul,2519
tsn,2520
sot,2521
afr,2522
xho,2523
sot,2524
ven,2525
sot,2526
tsn,2527
tso,2528
zul,2529
xho,2530
eng,2531
afr,2532
sot,2533
zul,2534
zul,2535
tso,2536
nso,2537
afr,2538
tso,2539
xho,2540
afr,2541
tsn,2542
xho,2543
xho,2544
ven,2545
sot,2546
tso,2547
ven,2548
afr,2549
xho,2550
nso,2551
nso,2552
sot,2553
tso,2554
xho,2555
sot,2556
tsn,2557
nbl,2558
ven,2559
ven,2560
tso,2561
xho,2562
sot,2563
afr,2564
xho,2565
nso,2566
afr,2567
tsn,2568
nso,2569
ven,2570
nso,2571
ven,2572
ven,2573
ssw,2574
zul,2575
tsn,2576
xho,2577
eng,2578
sot,2579
nso,2580
ven,2581
nso,2582
eng,2583
zul,2584
tso,2585
nso,2586
sot,2587
zul,2588
tso,2589
xho,2590
ven,2591
tsn,2592
tsn,2593
nbl,2594
tso,2595
xho,2596
afr,2597
xho,2598
tsn,2599
ven,2600
nso,2601
eng,2602
ven,2603
afr,2604
afr,2605
eng,2606
tsn,2607
ven,2608
tso,2609
zul,2610
tsn,2611
eng,2612
afr,2613
sot,2614
sot,2615
nbl,2616
xho,2617
afr,2618
xho,2619
ven,2620
tsn,2621
afr,2622
zul,2623
tso,2624
nso,2625
tso,2626
zul,2627
eng,2628
afr,2629
tsn,2630
xho,2631
xho,2632
zul,2633
sot,2634
xho,2635
nbl,2636
ssw,2637
nbl,2638
sot,2639
eng,2640
afr,2641
afr,2642
sot,2643
afr,2644
nso,2645
sot,2646
sot,2647
nso,2648
tsn,2649
xho,2650
eng,2651
eng,2652
eng,2653
zul,2654
xho,2655
xho,2656
ssw,2657
ssw,2658
eng,2659
ssw,2660
zul,2661
ven,2662
xho,2663
ven,2664
xho,2665
nso,2666
sot,2667
zul,2668
ven,2669
nso,2670
ven,2671
ven,2672
nbl,2673
nso,2674
ven,2675
xho,2676
tso,2677
ssw,2678
zul,2679
eng,2680
afr,2681
xho,2682
sot,2683
ssw,2684
ven,2685
zul,2686
zul,2687
sot,2688
zul,2689
nso,2690
tso,2691
ssw,2692
xho,2693
xho,2694
ven,2695
afr,2696
xho,2697
ven,2698
sot,2699
ven,2700
xho,2701
afr,2702
xho,2703
ven,2704
tso,2705
nso,2706
sot,2707
sot,2708
xho,2709
afr,2710
nbl,2711
xho,2712
zul,2713
nso,2714
ssw,2715
ssw,2716
sot,2717
sot,2718
xho,2719
afr,2720
sot,2721
tso,2722
tsn,2723
ven,2724
xho,2725
afr,2726
afr,2727
tso,2728
nbl,2729
nbl,2730
nso,2731
sot,2732
xho,2733
ven,2734
afr,2735
tsn,2736
sot,2737
zul,2738
sot,2739
xho,2740
xho,2741
afr,2742
nso,2743
ssw,2744
tsn,2745
xho,2746
afr,2747
tsn,2748
tsn,2749
nso,2750
afr,2751
nso,2752
xho,2753
ven,2754
ven,2755
nso,2756
ven,2757
nso,2758
xho,2759
tsn,2760
afr,2761
tsn,2762
zul,2763
afr,2764
xho,2765
nso,2766
sot,2767
sot,2768
sot,2769
tso,2770
eng,2771
xho,2772
afr,2773
sot,2774
afr,2775
tso,2776
xho,2777
afr,2778
afr,2779
nso,2780
ssw,2781
afr,2782
tsn,2783
xho,2784
afr,2785
ven,2786
eng,2787
nbl,2788
ven,2789
ven,2790
nso,2791
afr,2792
ven,2793
ven,2794
tso,2795
nso,2796
sot,2797
nso,2798
ven,2799
nso,2800
ven,2801
ssw,2802
afr,2803
xho,2804
tsn,2805
sot,2806
xho,2807
ssw,2808
afr,2809
sot,2810
sot,2811
eng,2812
tsn,2813
afr,2814
xho,2815
tsn,2816
eng,2817
ssw,2818
tsn,2819
afr,2820
afr,2821
xho,2822
xho,2823
tso,2824
nso,2825
sot,2826
nso,2827
afr,2828
tso,2829
sot,2830
xho,2831
nso,2832
xho,2833
nso,2834
zul,2835
afr,2836
eng,2837
tso,2838
nso,2839
xho,2840
tsn,2841
ssw,2842
tsn,2843
zul,2844
tsn,2845
afr,2846
nbl,2847
afr,2848
tsn,2849
ssw,2850
ssw,2851
ven,2852
zul,2853
ven,2854
eng,2855
tsn,2856
tso,2857
xho,2858
tsn,2859
xho,2860
nso,2861
sot,2862
xho,2863
zul,2864
xho,2865
xho,2866
ssw,2867
xho,2868
afr,2869
xho,2870
afr,2871
ven,2872
tsn,2873
ven,2874
nso,2875
ven,2876
eng,2877
nso,2878
xho,2879
tsn,2880
ven,2881
xho,2882
tso,2883
xho,2884
sot,2885
xho,2886
nso,2887
xho,2888
xho,2889
tso,2890
nso,2891
nso,2892
ssw,2893
ssw,2894
tso,2895
xho,2896
nbl,2897
xho,2898
afr,2899
tsn,2900
nso,2901
sot,2902
tso,2903
xho,2904
sot,2905
nso,2906
ssw,2907
xho,2908
afr,2909
tsn,2910
nso,2911
nso,2912
afr,2913
xho,2914
ven,2915
ven,2916
ssw,2917
xho,2918
afr,2919
zul,2920
sot,2921
sot,2922
sot,2923
sot,2924
xho,2925
afr,2926
xho,2927
ssw,2928
tso,2929
nso,2930
xho,2931
afr,2932
xho,2933
nbl,2934
nso,2935
nso,2936
sot,2937
tso,2938
nso,2939
afr,2940
nso,2941
xho,2942
afr,2943
ven,2944
sot,2945
sot,2946
afr,2947
nbl,2948
tso,2949
tso,2950
afr,2951
sot,2952
afr,2953
tsn,2954
eng,2955
tsn,2956
zul,2957
tsn,2958
xho,2959
tsn,2960
eng,2961
afr,2962
ssw,2963
eng,2964
xho,2965
ven,2966
nso,2967
xho,2968
afr,2969
tso,2970
afr,2971
xho,2972
xho,2973
tso,2974
nso,2975
ssw,2976
zul,2977
tsn,2978
xho,2979
nso,2980
nso,2981
sot,2982
xho,2983
tso,2984
ssw,2985
ssw,2986
afr,2987
tso,2988
xho,2989
ven,2990
ven,2991
ssw,2992
afr,2993
ven,2994
tsn,2995
sot,2996
afr,2997
zul,2998
xho,2999
xho,3000
tso,3001
xho,3002
ssw,3003
afr,3004
afr,3005
afr,3006
nso,3007
xho,3008
sot,3009
sot,3010
ven,3011
zul,3012
sot,3013
afr,3014
afr,3015
ven,3016
zul,3017
zul,3018
nbl,3019
sot,3020
eng,3021
sot,3022
xho,3023
nso,3024
xho,3025
afr,3026
tsn,3027
ssw,3028
ven,3029
tso,3030
xho,3031
ssw,3032
tso,3033
afr,3034
zul,3035
sot,3036
xho,3037
zul,3038
xho,3039
eng,3040
nbl,3041
nso,3042
afr,3043
ven,3044
nbl,3045
zul,3046
ssw,3047
xho,3048
xho,3049
nso,3050
tsn,3051
xho,3052
ssw,3053
ven,3054
nso,3055
tsn,3056
nso,3057
xho,3058
afr,3059
afr,3060
ssw,3061
tso,3062
ven,3063
zul,3064
xho,3065
nso,3066
xho,3067
nso,3068
nso,3069
nso,3070
ssw,3071
afr,3072
afr,3073
zul,3074
xho,3075
tsn,3076
ven,3077
ven,3078
tsn,3079
eng,3080
ven,3081
afr,3082
eng,3083
tso,3084
nso,3085
ven,3086
sot,3087
ven,3088
zul,3089
eng,3090
nbl,3091
nso,3092
sot,3093
zul,3094
sot,3095
ven,3096
afr,3097
xho,3098
xho,3099
xho,3100
nso,3101
xho,3102
eng,3103
sot,3104
nso,3105
tso,3106
nso,3107
tsn,3108
xho,3109
nso,3110
afr,3111
xho,3112
ssw,3113
eng,3114
sot,3115
xho,3116
afr,3117
tso,3118
sot,3119
zul,3120
ven,3121
tsn,3122
xho,3123
sot,3124
ven,3125
tsn,3126
sot,3127
zul,3128
sot,3129
zul,3130
afr,3131
ven,3132
zul,3133
eng,3134
xho,3135
nso,3136
sot,3137
zul,3138
ven,3139
afr,3140
nso,3141
zul,3142
afr,3143
ssw,3144
ven,3145
xho,3146
tso,3147
afr,3148
ven,3149
ssw,3150
nso,3151
nso,3152
tsn,3153
xho,3154
ven,3155
xho,3156
afr,3157
xho,3158
ven,3159
tso,3160
eng,3161
xho,3162
tso,3163
zul,3164
nso,3165
ven,3166
ven,3167
afr,3168
tso,3169
tso,3170
eng,3171
afr,3172
sot,3173
sot,3174
zul,3175
afr,3176
ven,3177
ven,3178
xho,3179
tso,3180
xho,3181
ssw,3182
ssw,3183
xho,3184
xho,3185
ven,3186
eng,3187
afr,3188
afr,3189
zul,3190
tsn,3191
tso,3192
zul,3193
nso,3194
xho,3195
xho,3196
xho,3197
sot,3198
xho,3199
tsn,3200
xho,3201
sot,3202
eng,3203
afr,3204
nso,3205
afr,3206
afr,3207
tso,3208
zul,3209
nso,3210
xho,3211
xho,3212
eng,3213
xho,3214
xho,3215
ssw,3216
tsn,3217
zul,3218
ven,3219
ven,3220
xho,3221
tso,3222
ven,3223
ssw,3224
tso,3225
ven,3226
ssw,3227
nso,3228
ven,3229
nso,3230
afr,3231
afr,3232
nbl,3233
nbl,3234
nso,3235
sot,3236
xho,3237
sot,3238
xho,3239
ssw,3240
ven,3241
ven,3242
tso,3243
tsn,3244
zul,3245
sot,3246
zul,3247
tso,3248
ven,3249
nbl,3250
sot,3251
tsn,3252
nso,3253
nso,3254
xho,3255
ven,3256
tsn,3257
tsn,3258
tsn,3259
sot,3260
ven,3261
nso,3262
tso,3263
tso,3264
ssw,3265
zul,3266
ssw,3267
ven,3268
xho,3269
tso,3270
nbl,3271
sot,3272
xho,3273
afr,3274
zul,3275
nso,3276
xho,3277
xho,3278
zul,3279
tsn,3280
zul,3281
zul,3282
tsn,3283
tsn,3284
zul,3285
sot,3286
nbl,3287
zul,3288
xho,3289
tsn,3290
zul,3291
zul,3292
nso,3293
zul,3294
afr,3295
xho,3296
xho,3297
nbl,3298
tsn,3299
sot,3300
afr,3301
nso,3302
nso,3303
afr,3304
tso,3305
eng,3306
tsn,3307
sot,3308
ven,3309
xho,3310
nso,3311
nso,3312
sot,3313
nso,3314
nbl,3315
sot,3316
tsn,3317
ssw,3318
afr,3319
nso,3320
zul,3321
eng,3322
sot,3323
ven,3324
afr,3325
sot,3326
nso,3327
nso,3328
xho,3329
afr,3330
afr,3331
tsn,3332
zul,3333
zul,3334
nbl,3335
xho,3336
ven,3337
xho,3338
ven,3339
nso,3340
xho,3341
tso,3342
tsn,3343
tso,3344
ven,3345
ven,3346
tso,3347
tso,3348
nso,3349
tso,3350
ven,3351
ven,3352
zul,3353
tso,3354
tsn,3355
sot,3356
afr,3357
tso,3358
nso,3359
nso,3360
xho,3361
zul,3362
ven,3363
nso,3364
ven,3365
xho,3366
ssw,3367
ven,3368
tso,3369
zul,3370
tsn,3371
xho,3372
ven,3373
ven,3374
tso,3375
tso,3376
xho,3377
eng,3378
afr,3379
sot,3380
xho,3381
nso,3382
tsn,3383
xho,3384
nso,3385
ssw,3386
ssw,3387
afr,3388
tso,3389
sot,3390
zul,3391
ssw,3392
nso,3393
ven,3394
xho,3395
ven,3396
sot,3397
zul,3398
ssw,3399
tsn,3400
nbl,3401
ven,3402
ven,3403
xho,3404
tsn,3405
zul,3406
zul,3407
zul,3408
nso,3409
xho,3410
ssw,3411
eng,3412
eng,3413
afr,3414
afr,3415
xho,3416
nbl,3417
tsn,3418
nso,3419
ven,3420
nso,3421
ssw,3422
zul,3423
zul,3424
tsn,3425
nso,3426
zul,3427
nso,3428
nbl,3429
afr,3430
ssw,3431
ssw,3432
zul,3433
zul,3434
nso,3435
nbl,3436
xho,3437
afr,3438
xho,3439
tso,3440
ven,3441
xho,3442
ven,3443
ven,3444
tso,3445
xho,3446
xho,3447
xho,3448
sot,3449
zul,3450
ssw,3451
xho,3452
afr,3453
zul,3454
sot,3455
ssw,3456
xho,3457
xho,3458
ssw,3459
nbl,3460
xho,3461
ssw,3462
eng,3463
sot,3464
zul,3465
ven,3466
afr,3467
tso,3468
ssw,3469
sot,3470
nbl,3471
zul,3472
afr,3473
tso,3474
xho,3475
afr,3476
afr,3477
tsn,3478
afr,3479
tsn,3480
nso,3481
nbl,3482
nso,3483
xho,3484
sot,3485
xho,3486
ven,3487
nbl,3488
eng,3489
xho,3490
ven,3491
nso,3492
xho,3493
ssw,3494
nso,3495
xho,3496
nso,3497
sot,3498
tsn,3499
afr,3500
xho,3501
zul,3502
ven,3503
xho,3504
ven,3505
ven,3506
ven,3507
ven,3508
sot,3509
ven,3510
sot,3511
zul,3512
nbl,3513
xho,3514
nso,3515
zul,3516
ven,3517
nbl,3518
ven,3519
tso,3520
afr,3521
ven,3522
sot,3523
nbl,3524
tso,3525
nso,3526
xho,3527
zul,3528
nso,3529
afr,3530
ven,3531
xho,3532
nso,3533
ven,3534
tsn,3535
nso,3536
ven,3537
sot,3538
xho,3539
nso,3540
xho,3541
tsn,3542
ven,3543
ven,3544
tso,3545
ssw,3546
nso,3547
nso,3548
ssw,3549
eng,3550
eng,3551
xho,3552
tso,3553
xho,3554
xho,3555
xho,3556
nso,3557
xho,3558
afr,3559
nso,3560
nso,3561
afr,3562
xho,3563
nso,3564
nso,3565
nso,3566
afr,3567
tso,3568
sot,3569
ssw,3570
xho,3571
nso,3572
afr,3573
tsn,3574
nso,3575
nbl,3576
ven,3577
afr,3578
ven,3579
nso,3580
eng,3581
tsn,3582
afr,3583
tso,3584
xho,3585
xho,3586
ven,3587
xho,3588
xho,3589
tso,3590
ven,3591
tsn,3592
xho,3593
tso,3594
tso,3595
tsn,3596
tso,3597
nso,3598
afr,3599
tsn,3600
sot,3601
tsn,3602
xho,3603
tso,3604
tso,3605
afr,3606
sot,3607
zul,3608
nso,3609
tsn,3610
tso,3611
eng,3612
sot,3613
afr,3614
xho,3615
zul,3616
afr,3617
nbl,3618
xho,3619
ssw,3620
eng,3621
ven,3622
nso,3623
nbl,3624
xho,3625
sot,3626
nso,3627
afr,3628
sot,3629
nso,3630
afr,3631
sot,3632
afr,3633
eng,3634
tso,3635
eng,3636
xho,3637
ssw,3638
sot,3639
ven,3640
sot,3641
tso,3642
ssw,3643
afr,3644
afr,3645
sot,3646
sot,3647
xho,3648
xho,3649
eng,3650
tso,3651
nso,3652
nso,3653
tsn,3654
ssw,3655
sot,3656
nso,3657
sot,3658
ssw,3659
zul,3660
nso,3661
sot,3662
zul,3663
nso,3664
sot,3665
nso,3666
xho,3667
xho,3668
ssw,3669
tso,3670
xho,3671
tso,3672
tsn,3673
nbl,3674
tsn,3675
xho,3676
ssw,3677
zul,3678
xho,3679
ven,3680
nbl,3681
xho,3682
tsn,3683
tso,3684
eng,3685
sot,3686
tsn,3687
ven,3688
sot,3689
sot,3690
tso,3691
xho,3692
nso,3693
xho,3694
sot,3695
sot,3696
ssw,3697
ven,3698
ven,3699
xho,3700
ven,3701
xho,3702
tso,3703
nso,3704
ven,3705
tsn,3706
zul,3707
tso,3708
afr,3709
sot,3710
xho,3711
tso,3712
eng,3713
xho,3714
xho,3715
nbl,3716
afr,3717
ven,3718
tsn,3719
zul,3720
xho,3721
xho,3722
zul,3723
xho,3724
ssw,3725
afr,3726
nso,3727
afr,3728
tsn,3729
sot,3730
ssw,3731
ven,3732
zul,3733
xho,3734
xho,3735
nso,3736
afr,3737
xho,3738
ven,3739
tso,3740
tsn,3741
sot,3742
eng,3743
xho,3744
tsn,3745
zul,3746
zul,3747
nso,3748
zul,3749
tso,3750
ven,3751
afr,3752
nso,3753
nso,3754
nbl,3755
tsn,3756
sot,3757
sot,3758
xho,3759
nso,3760
xho,3761
nso,3762
ven,3763
nso,3764
nso,3765
tsn,3766
zul,3767
xho,3768
eng,3769
nso,3770
tsn,3771
xho,3772
eng,3773
sot,3774
afr,3775
xho,3776
zul,3777
ssw,3778
tso,3779
nso,3780
nbl,3781
sot,3782
sot,3783
nso,3784
zul,3785
xho,3786
zul,3787
xho,3788
zul,3789
xho,3790
afr,3791
zul,3792
tsn,3793
ven,3794
afr,3795
nso,3796
nso,3797
ssw,3798
nbl,3799
ven,3800
xho,3801
afr,3802
zul,3803
xho,3804
tso,3805
tsn,3806
sot,3807
ssw,3808
xho,3809
tsn,3810
sot,3811
nso,3812
xho,3813
nbl,3814
ssw,3815
nso,3816
ssw,3817
tsn,3818
zul,3819
nso,3820
tsn,3821
ven,3822
eng,3823
nso,3824
xho,3825
xho,3826
sot,3827
afr,3828
tsn,3829
nso,3830
ssw,3831
xho,3832
nbl,3833
ssw,3834
nso,3835
tsn,3836
nbl,3837
nbl,3838
eng,3839
tsn,3840
nso,3841
xho,3842
tsn,3843
ven,3844
zul,3845
ven,3846
ven,3847
sot,3848
tsn,3849
xho,3850
sot,3851
nso,3852
ven,3853
zul,3854
nso,3855
tsn,3856
tsn,3857
afr,3858
sot,3859
tso,3860
zul,3861
afr,3862
xho,3863
xho,3864
ssw,3865
afr,3866
afr,3867
nso,3868
ven,3869
tso,3870
nbl,3871
xho,3872
zul,3873
ssw,3874
afr,3875
eng,3876
ven,3877
ssw,3878
xho,3879
zul,3880
nso,3881
xho,3882
sot,3883
nso,3884
sot,3885
ven,3886
nso,3887
xho,3888
sot,3889
afr,3890
zul,3891
nso,3892
sot,3893
sot,3894
nso,3895
ssw,3896
xho,3897
tso,3898
eng,3899
ven,3900
afr,3901
nso,3902
eng,3903
tsn,3904
sot,3905
nso,3906
nso,3907
xho,3908
xho,3909
xho,3910
zul,3911
xho,3912
tsn,3913
zul,3914
afr,3915
sot,3916
nbl,3917
nso,3918
nso,3919
tso,3920
ssw,3921
ven,3922
tsn,3923
ven,3924
zul,3925
xho,3926
nso,3927
nso,3928
xho,3929
zul,3930
xho,3931
xho,3932
sot,3933
nso,3934
nso,3935
xho,3936
xho,3937
tso,3938
afr,3939
ven,3940
ssw,3941
ven,3942
zul,3943
tso,3944
xho,3945
nso,3946
sot,3947
xho,3948
xho,3949
sot,3950
nso,3951
tso,3952
sot,3953
afr,3954
xho,3955
xho,3956
xho,3957
afr,3958
eng,3959
ven,3960
tso,3961
xho,3962
ven,3963
nso,3964
tsn,3965
xho,3966
sot,3967
xho,3968
zul,3969
nso,3970
xho,3971
xho,3972
nso,3973
sot,3974
ssw,3975
tsn,3976
nso,3977
nso,3978
tsn,3979
nso,3980
tso,3981
ssw,3982
afr,3983
nso,3984
sot,3985
ven,3986
xho,3987
afr,3988
ssw,3989
eng,3990
ven,3991
xho,3992
afr,3993
xho,3994
ven,3995
ven,3996
tsn,3997
xho,3998
nso,3999
ven,4000
tso,4001
zul,4002
nbl,4003
tso,4004
zul,4005
nso,4006
xho,4007
xho,4008
ven,4009
nso,4010
xho,4011
tso,4012
nbl,4013
tsn,4014
tso,4015
nbl,4016
zul,4017
ssw,4018
nbl,4019
ven,4020
xho,4021
afr,4022
nso,4023
tso,4024
zul,4025
xho,4026
xho,4027
zul,4028
tso,4029
nbl,4030
tsn,4031
xho,4032
afr,4033
afr,4034
nso,4035
xho,4036
afr,4037
sot,4038
nbl,4039
sot,4040
ssw,4041
xho,4042
tsn,4043
xho,4044
ven,4045
ven,4046
ven,4047
sot,4048
xho,4049
xho,4050
ven,4051
afr,4052
nbl,4053
ven,4054
sot,4055
afr,4056
tsn,4057
ven,4058
zul,4059
afr,4060
ven,4061
ven,4062
zul,4063
ssw,4064
sot,4065
xho,4066
zul,4067
afr,4068
tso,4069
sot,4070
zul,4071
xho,4072
nso,4073
xho,4074
nso,4075
tsn,4076
ven,4077
xho,4078
afr,4079
sot,4080
xho,4081
afr,4082
sot,4083
nso,4084
tso,4085
afr,4086
tso,4087
sot,4088
ven,4089
tso,4090
xho,4091
tso,4092
tsn,4093
tsn,4094
xho,4095
afr,4096
tsn,4097
zul,4098
afr,4099
sot,4100
zul,4101
ven,4102
xho,4103
tsn,4104
tsn,4105
xho,4106
xho,4107
afr,4108
xho,4109
xho,4110
xho,4111
afr,4112
sot,4113
xho,4114
ven,4115
zul,4116
nso,4117
zul,4118
ven,4119
ven,4120
afr,4121
nso,4122
zul,4123
afr,4124
tsn,4125
zul,4126
nso,4127
sot,4128
tsn,4129
nso,4130
xho,4131
afr,4132
nso,4133
nso,4134
tso,4135
afr,4136
sot,4137
eng,4138
ssw,4139
tsn,4140
xho,4141
ssw,4142
nso,4143
sot,4144
xho,4145
ven,4146
nso,4147
zul,4148
tsn,4149
afr,4150
nso,4151
zul,4152
sot,4153
sot,4154
afr,4155
afr,4156
afr,4157
xho,4158
nbl,4159
afr,4160
xho,4161
nso,4162
zul,4163
tso,4164
tso,4165
ven,4166
tso,4167
xho,4168
nso,4169
tsn,4170
tsn,4171
eng,4172
xho,4173
nbl,4174
xho,4175
ven,4176
sot,4177
tso,4178
nso,4179
sot,4180
ven,4181
xho,4182
tso,4183
ssw,4184
tsn,4185
sot,4186
sot,4187
sot,4188
afr,4189
nbl,4190
nso,4191
xho,4192
xho,4193
afr,4194
tsn,4195
xho,4196
eng,4197
afr,4198
xho,4199
xho,4200
nso,4201
nso,4202
nso,4203
xho,4204
xho,4205
ven,4206
nso,4207
xho,4208
zul,4209
ven,4210
tsn,4211
ssw,4212
nbl,4213
xho,4214
ven,4215
tso,4216
tso,4217
ven,4218
xho,4219
zul,4220
nso,4221
nbl,4222
nso,4223
xho,4224
afr,4225
nbl,4226
zul,4227
ssw,4228
ven,4229
xho,4230
ssw,4231
nso,4232
tso,4233
tsn,4234
zul,4235
afr,4236
sot,4237
tso,4238
nso,4239
afr,4240
nso,4241
tso,4242
sot,4243
tso,4244
nbl,4245
ven,4246
xho,4247
eng,4248
afr,4249
tsn,4250
nso,4251
tso,4252
ven,4253
xho,4254
ven,4255
sot,4256
nbl,4257
sot,4258
xho,4259
ven,4260
xho,4261
ven,4262
nso,4263
xho,4264
nso,4265
nso,4266
afr,4267
xho,4268
zul,4269
xho,4270
afr,4271
ssw,4272
xho,4273
nso,4274
zul,4275
sot,4276
xho,4277
xho,4278
tsn,4279
zul,4280
ven,4281
sot,4282
ven,4283
eng,4284
ssw,4285
ssw,4286
xho,4287
xho,4288
xho,4289
zul,4290
ven,4291
xho,4292
ssw,4293
zul,4294
xho,4295
tso,4296
tsn,4297
tsn,4298
tso,4299
ven,4300
sot,4301
nso,4302
nso,4303
nso,4304
nso,4305
afr,4306
afr,4307
afr,4308
xho,4309
tso,4310
sot,4311
sot,4312
nbl,4313
nbl,4314
afr,4315
ven,4316
tso,4317
tsn,4318
nso,4319
eng,4320
ven,4321
tsn,4322
ven,4323
eng,4324
xho,4325
nso,4326
xho,4327
sot,4328
ven,4329
nso,4330
xho,4331
ven,4332
nso,4333
xho,4334
nso,4335
eng,4336
sot,4337
ven,4338
ven,4339
eng,4340
zul,4341
afr,4342
xho,4343
ssw,4344
tso,4345
ssw,4346
sot,4347
xho,4348
nso,4349
afr,4350
xho,4351
zul,4352
afr,4353
tso,4354
xho,4355
nso,4356
xho,4357
ven,4358
nso,4359
afr,4360
nso,4361
sot,4362
afr,4363
xho,4364
sot,4365
afr,4366
zul,4367
nso,4368
nbl,4369
nso,4370
xho,4371
afr,4372
sot,4373
eng,4374
nso,4375
zul,4376
ven,4377
nso,4378
tsn,4379
tsn,4380
ssw,4381
ven,4382
nbl,4383
ven,4384
xho,4385
xho,4386
tsn,4387
nso,4388
afr,4389
afr,4390
xho,4391
nso,4392
nbl,4393
xho,4394
zul,4395
xho,4396
afr,4397
eng,4398
tso,4399
afr,4400
nso,4401
afr,4402
nso,4403
ven,4404
afr,4405
nso,4406
nso,4407
xho,4408
ven,4409
nso,4410
afr,4411
tso,4412
ven,4413
ven,4414
zul,4415
nso,4416
afr,4417
ssw,4418
sot,4419
ssw,4420
ssw,4421
ven,4422
sot,4423
tsn,4424
tsn,4425
eng,4426
ven,4427
nso,4428
ven,4429
sot,4430
nso,4431
sot,4432
afr,4433
tso,4434
afr,4435
afr,4436
nso,4437
ven,4438
ssw,4439
nbl,4440
xho,4441
eng,4442
ven,4443
tsn,4444
nso,4445
nso,4446
nbl,4447
ven,4448
sot,4449
ven,4450
tso,4451
nbl,4452
zul,4453
tso,4454
zul,4455
afr,4456
xho,4457
zul,4458
tsn,4459
ven,4460
nso,4461
afr,4462
afr,4463
tso,4464
xho,4465
tso,4466
ssw,4467
ven,4468
tso,4469
ven,4470
xho,4471
afr,4472
tso,4473
nso,4474
afr,4475
xho,4476
nbl,4477
nso,4478
ven,4479
xho,4480
xho,4481
nso,4482
nso,4483
tsn,4484
xho,4485
xho,4486
tsn,4487
xho,4488
sot,4489
tsn,4490
nso,4491
tso,4492
ven,4493
ssw,4494
afr,4495
ven,4496
ven,4497
afr,4498
ssw,4499
nso,4500
ssw,4501
xho,4502
nso,4503
tsn,4504
sot,4505
ven,4506
xho,4507
xho,4508
ven,4509
tsn,4510
xho,4511
xho,4512
xho,4513
tso,4514
xho,4515
tsn,4516
xho,4517
sot,4518
ven,4519
tsn,4520
tsn,4521
nso,4522
ven,4523
ven,4524
zul,4525
nso,4526
tsn,4527
nso,4528
ven,4529
xho,4530
xho,4531
xho,4532
ssw,4533
tsn,4534
afr,4535
sot,4536
nso,4537
xho,4538
tsn,4539
eng,4540
xho,4541
afr,4542
afr,4543
tsn,4544
tso,4545
nso,4546
sot,4547
ven,4548
eng,4549
tsn,4550
zul,4551
afr,4552
tsn,4553
zul,4554
xho,4555
xho,4556
tso,4557
tso,4558
ven,4559
tsn,4560
tsn,4561
nso,4562
eng,4563
sot,4564
tsn,4565
sot,4566
sot,4567
ven,4568
xho,4569
sot,4570
tsn,4571
ven,4572
afr,4573
xho,4574
ssw,4575
zul,4576
zul,4577
xho,4578
zul,4579
xho,4580
tso,4581
tso,4582
sot,4583
nso,4584
tsn,4585
tsn,4586
ssw,4587
sot,4588
zul,4589
nso,4590
sot,4591
zul,4592
tso,4593
ven,4594
ssw,4595
tsn,4596
ven,4597
eng,4598
nbl,4599
afr,4600
nso,4601
ven,4602
sot,4603
tsn,4604
xho,4605
tso,4606
ssw,4607
afr,4608
xho,4609
nso,4610
afr,4611
sot,4612
tso,4613
afr,4614
afr,4615
xho,4616
eng,4617
tsn,4618
tsn,4619
xho,4620
ven,4621
xho,4622
tsn,4623
xho,4624
tso,4625
zul,4626
ven,4627
afr,4628
tso,4629
nso,4630
tsn,4631
xho,4632
eng,4633
ven,4634
tsn,4635
xho,4636
xho,4637
eng,4638
tsn,4639
xho,4640
tsn,4641
nso,4642
tso,4643
tso,4644
nso,4645
nso,4646
nso,4647
tso,4648
ven,4649
nbl,4650
xho,4651
sot,4652
ven,4653
afr,4654
nso,4655
zul,4656
xho,4657
ssw,4658
tso,4659
xho,4660
zul,4661
xho,4662
nso,4663
xho,4664
afr,4665
eng,4666
zul,4667
nso,4668
afr,4669
xho,4670
xho,4671
nso,4672
ven,4673
nbl,4674
xho,4675
xho,4676
xho,4677
zul,4678
sot,4679
tso,4680
xho,4681
zul,4682
zul,4683
ven,4684
xho,4685
afr,4686
sot,4687
tsn,4688
tso,4689
tso,4690
xho,4691
nbl,4692
nso,4693
tsn,4694
ven,4695
sot,4696
sot,4697
xho,4698
xho,4699
ssw,4700
afr,4701
ssw,4702
tsn,4703
zul,4704
tso,4705
xho,4706
ven,4707
sot,4708
tsn,4709
nbl,4710
afr,4711
xho,4712
nso,4713
afr,4714
afr,4715
xho,4716
tsn,4717
xho,4718
xho,4719
nbl,4720
afr,4721
nso,4722
tsn,4723
xho,4724
sot,4725
xho,4726
zul,4727
tsn,4728
tsn,4729
xho,4730
nso,4731
xho,4732
nso,4733
eng,4734
xho,4735
xho,4736
tso,4737
nso,4738
zul,4739
tso,4740
nso,4741
nso,4742
sot,4743
xho,4744
ssw,4745
sot,4746
xho,4747
nso,4748
xho,4749
xho,4750
afr,4751
zul,4752
sot,4753
sot,4754
nso,4755
afr,4756
nso,4757
tsn,4758
zul,4759
sot,4760
nso,4761
tsn,4762
tsn,4763
tsn,4764
tsn,4765
nso,4766
sot,4767
xho,4768
sot,4769
ven,4770
eng,4771
xho,4772
sot,4773
ssw,4774
eng,4775
nso,4776
nso,4777
sot,4778
nbl,4779
nbl,4780
nso,4781
ven,4782
zul,4783
afr,4784
afr,4785
tso,4786
xho,4787
ven,4788
xho,4789
zul,4790
zul,4791
afr,4792
nbl,4793
xho,4794
nso,4795
ven,4796
ven,4797
tso,4798
nso,4799
afr,4800
xho,4801
nso,4802
sot,4803
eng,4804
zul,4805
eng,4806
ven,4807
nso,4808
zul,4809
afr,4810
xho,4811
xho,4812
xho,4813
tso,4814
nso,4815
tso,4816
ven,4817
tso,4818
tsn,4819
xho,4820
nbl,4821
nso,4822
nso,4823
sot,4824
sot,4825
afr,4826
afr,4827
nbl,4828
nso,4829
ssw,4830
sot,4831
xho,4832
xho,4833
ssw,4834
sot,4835
zul,4836
nso,4837
sot,4838
nbl,4839
xho,4840
xho,4841
tsn,4842
zul,4843
xho,4844
xho,4845
xho,4846
tso,4847
afr,4848
tso,4849
xho,4850
afr,4851
sot,4852
tsn,4853
nbl,4854
nso,4855
xho,4856
nso,4857
zul,4858
ven,4859
afr,4860
afr,4861
afr,4862
ssw,4863
nso,4864
sot,4865
xho,4866
nso,4867
ssw,4868
xho,4869
xho,4870
xho,4871
sot,4872
ven,4873
xho,4874
ven,4875
zul,4876
zul,4877
ven,4878
zul,4879
tsn,4880
xho,4881
afr,4882
xho,4883
nbl,4884
sot,4885
tso,4886
ssw,4887
nso,4888
xho,4889
ssw,4890
zul,4891
eng,4892
nso,4893
ven,4894
zul,4895
afr,4896
nbl,4897
zul,4898
nso,4899
tso,4900
eng,4901
tsn,4902
xho,4903
afr,4904
zul,4905
tso,4906
xho,4907
sot,4908
nso,4909
tsn,4910
sot,4911
sot,4912
nso,4913
nso,4914
nso,4915
xho,4916
xho,4917
nso,4918
nbl,4919
nso,4920
afr,4921
nbl,4922
tso,4923
tso,4924
afr,4925
afr,4926
ven,4927
xho,4928
ven,4929
ssw,4930
nbl,4931
zul,4932
ven,4933
nso,4934
ven,4935
eng,4936
ssw,4937
zul,4938
zul,4939
nso,4940
ven,4941
nso,4942
ssw,4943
eng,4944
xho,4945
tso,4946
xho,4947
tso,4948
afr,4949
xho,4950
eng,4951
afr,4952
nso,4953
ssw,4954
nso,4955
tso,4956
nso,4957
nso,4958
xho,4959
eng,4960
nso,4961
ssw,4962
nso,4963
afr,4964
sot,4965
tsn,4966
nbl,4967
zul,4968
sot,4969
nso,4970
nso,4971
nso,4972
ssw,4973
eng,4974
afr,4975
tso,4976
tso,4977
ven,4978
tsn,4979
zul,4980
xho,4981
afr,4982
tso,4983
xho,4984
xho,4985
nso,4986
ven,4987
afr,4988
ven,4989
afr,4990
nso,4991
zul,4992
xho,4993
tsn,4994
afr,4995
tsn,4996
nso,4997
tsn,4998
afr,4999
eng,5000
sot,5001
ven,5002
tsn,5003
sot,5004
afr,5005
sot,5006
xho,5007
afr,5008
ven,5009
xho,5010
xho,5011
sot,5012
ven,5013
nso,5014
tso,5015
sot,5016
zul,5017
ssw,5018
xho,5019
nso,5020
xho,5021
zul,5022
tso,5023
zul,5024
tso,5025
zul,5026
nso,5027
eng,5028
xho,5029
sot,5030
ven,5031
sot,5032
afr,5033
afr,5034
nbl,5035
xho,5036
xho,5037
eng,5038
ssw,5039
tso,5040
ssw,5041
afr,5042
sot,5043
afr,5044
nso,5045
ssw,5046
xho,5047
xho,5048
eng,5049
sot,5050
nbl,5051
sot,5052
sot,5053
tso,5054
ven,5055
zul,5056
afr,5057
xho,5058
zul,5059
afr,5060
sot,5061
zul,5062
tsn,5063
zul,5064
nbl,5065
ven,5066
sot,5067
ssw,5068
tsn,5069
nso,5070
afr,5071
zul,5072
ven,5073
ssw,5074
nso,5075
afr,5076
eng,5077
afr,5078
ven,5079
zul,5080
zul,5081
xho,5082
ssw,5083
ven,5084
tso,5085
zul,5086
sot,5087
xho,5088
nbl,5089
ven,5090
nbl,5091
afr,5092
ssw,5093
sot,5094
afr,5095
eng,5096
xho,5097
ven,5098
afr,5099
tsn,5100
afr,5101
zul,5102
tsn,5103
tsn,5104
afr,5105
sot,5106
sot,5107
ven,5108
nso,5109
zul,5110
nbl,5111
nso,5112
sot,5113
afr,5114
nbl,5115
sot,5116
xho,5117
nso,5118
afr,5119
sot,5120
ven,5121
xho,5122
sot,5123
nso,5124
afr,5125
afr,5126
zul,5127
ssw,5128
ven,5129
xho,5130
afr,5131
nso,5132
ssw,5133
tso,5134
nbl,5135
tsn,5136
tsn,5137
nso,5138
xho,5139
tso,5140
ssw,5141
xho,5142
eng,5143
tsn,5144
tso,5145
afr,5146
nso,5147
ven,5148
xho,5149
tsn,5150
afr,5151
xho,5152
nso,5153
tso,5154
nbl,5155
sot,5156
sot,5157
ssw,5158
eng,5159
ssw,5160
nso,5161
tsn,5162
sot,5163
ven,5164
eng,5165
nso,5166
tso,5167
zul,5168
nso,5169
zul,5170
nso,5171
zul,5172
nbl,5173
zul,5174
afr,5175
tso,5176
sot,5177
ven,5178
sot,5179
nbl,5180
tso,5181
afr,5182
afr,5183
sot,5184
sot,5185
nso,5186
sot,5187
nso,5188
zul,5189
tsn,5190
zul,5191
ssw,5192
xho,5193
xho,5194
zul,5195
ven,5196
xho,5197
nbl,5198
sot,5199
ven,5200
nbl,5201
nso,5202
nbl,5203
afr,5204
afr,5205
afr,5206
tsn,5207
nbl,5208
tso,5209
ven,5210
nso,5211
tso,5212
ven,5213
sot,5214
nso,5215
xho,5216
afr,5217
afr,5218
ven,5219
zul,5220
xho,5221
tsn,5222
zul,5223
tso,5224
nbl,5225
afr,5226
nso,5227
nso,5228
xho,5229
afr,5230
tso,5231
sot,5232
sot,5233
tso,5234
nso,5235
tsn,5236
zul,5237
ven,5238
nso,5239
xho,5240
nso,5241
ven,5242
tsn,5243
tso,5244
nbl,5245
nso,5246
xho,5247
nso,5248
xho,5249
ssw,5250
ssw,5251
xho,5252
afr,5253
tsn,5254
xho,5255
nbl,5256
sot,5257
nso,5258
zul,5259
nso,5260
afr,5261
xho,5262
nso,5263
tso,5264
nso,5265
tsn,5266
xho,5267
ven,5268
tsn,5269
ven,5270
sot,5271
eng,5272
ssw,5273
sot,5274
xho,5275
tsn,5276
afr,5277
ven,5278
sot,5279
xho,5280
zul,5281
ssw,5282
nbl,5283
nso,5284
tsn,5285
sot,5286
tsn,5287
nso,5288
tso,5289
nbl,5290
xho,5291
sot,5292
xho,5293
ven,5294
xho,5295
tsn,5296
tso,5297
nso,5298
afr,5299
xho,5300
xho,5301
ssw,5302
ssw,5303
xho,5304
xho,5305
afr,5306
afr,5307
nso,5308
nso,5309
sot,5310
xho,5311
tso,5312
xho,5313
nbl,5314
zul,5315
xho,5316
xho,5317
sot,5318
sot,5319
xho,5320
xho,5321
eng,5322
eng,5323
xho,5324
ven,5325
tsn,5326
afr,5327
sot,5328
ven,5329
xho,5330
nbl,5331
tsn,5332
xho,5333
nbl,5334
sot,5335
nso,5336
afr,5337
ven,5338
xho,5339
xho,5340
xho,5341
xho,5342
ven,5343
sot,5344
ven,5345
ssw,5346
xho,5347
xho,5348
ven,5349
xho,5350
xho,5351
sot,5352
sot,5353
ssw,5354
nso,5355
xho,5356
nbl,5357
zul,5358
afr,5359
xho,5360
nso,5361
xho,5362
nbl,5363
nso,5364
nbl,5365
sot,5366
zul,5367
ven,5368
nso,5369
afr,5370
ven,5371
afr,5372
tso,5373
ven,5374
zul,5375
nso,5376
xho,5377
tso,5378
eng,5379
sot,5380
nso,5381
tsn,5382
eng,5383
ven,5384
nbl,5385
nso,5386
xho,5387
tsn,5388
ssw,5389
ven,5390
tso,5391
sot,5392
sot,5393
tsn,5394
sot,5395
ven,5396
zul,5397
xho,5398
xho,5399
sot,5400
xho,5401
sot,5402
nso,5403
tsn,5404
xho,5405
nbl,5406
ven,5407
xho,5408
tsn,5409
xho,5410
sot,5411
eng,5412
ven,5413
tsn,5414
ven,5415
ven,5416
ssw,5417
ssw,5418
afr,5419
xho,5420
nso,5421
nso,5422
xho,5423
tsn,5424
sot,5425
afr,5426
tsn,5427
tso,5428
tsn,5429
nso,5430
xho,5431
xho,5432
tsn,5433
zul,5434
afr,5435
afr,5436
eng,5437
xho,5438
ven,5439
zul,5440
sot,5441
ven,5442
ssw,5443
xho,5444
sot,5445
afr,5446
afr,5447
sot,5448
zul,5449
tso,5450
zul,5451
tso,5452
zul,5453
nso,5454
tsn,5455
afr,5456
tso,5457
ven,5458
tsn,5459
tsn,5460
afr,5461
ven,5462
nso,5463
xho,5464
tso,5465
xho,5466
nso,5467
xho,5468
ven,5469
sot,5470
xho,5471
ven,5472
tsn,5473
nso,5474
sot,5475
zul,5476
xho,5477
sot,5478
tso,5479
nso,5480
nso,5481
nso,5482
sot,5483
afr,5484
eng,5485
zul,5486
ssw,5487
tso,5488
xho,5489
tsn,5490
nbl,5491
sot,5492
tsn,5493
ven,5494
nso,5495
ven,5496
zul,5497
ven,5498
tso,5499
tsn,5500
sot,5501
sot,5502
tsn,5503
eng,5504
xho,5505
zul,5506
tsn,5507
nso,5508
afr,5509
sot,5510
afr,5511
eng,5512
nso,5513
nso,5514
zul,5515
ssw,5516
nso,5517
xho,5518
xho,5519
ven,5520
tsn,5521
zul,5522
xho,5523
ssw,5524
afr,5525
ven,5526
nso,5527
ven,5528
sot,5529
zul,5530
sot,5531
nso,5532
tsn,5533
nbl,5534
xho,5535
xho,5536
ven,5537
sot,5538
tso,5539
nbl,5540
ven,5541
afr,5542
xho,5543
tsn,5544
nso,5545
ven,5546
sot,5547
xho,5548
zul,5549
afr,5550
nso,5551
nso,5552
afr,5553
ssw,5554
ven,5555
xho,5556
tsn,5557
sot,5558
nbl,5559
sot,5560
tsn,5561
nso,5562
nso,5563
afr,5564
afr,5565
nso,5566
nso,5567
tso,5568
zul,5569
ven,5570
tso,5571
ven,5572
ven,5573
sot,5574
xho,5575
xho,5576
tso,5577
eng,5578
ven,5579
sot,5580
tsn,5581
ssw,5582
ven,5583
zul,5584
zul,5585
sot,5586
nbl,5587
ssw,5588
zul,5589
tso,5590
tsn,5591
nso,5592
tsn,5593
tsn,5594
tsn,5595
afr,5596
nso,5597
nbl,5598
nso,5599
xho,5600
xho,5601
nso,5602
tso,5603
sot,5604
ven,5605
zul,5606
tsn,5607
sot,5608
xho,5609
nso,5610
afr,5611
tsn,5612
afr,5613
nso,5614
zul,5615
ssw,5616
ven,5617
tso,5618
ven,5619
afr,5620
zul,5621
xho,5622
ssw,5623
tsn,5624
tsn,5625
xho,5626
afr,5627
tsn,5628
afr,5629
xho,5630
sot,5631
ssw,5632
nso,5633
xho,5634
tso,5635
zul,5636
zul,5637
ssw,5638
zul,5639
xho,5640
tsn,5641
nso,5642
xho,5643
tso,5644
xho,5645
tso,5646
tsn,5647
ssw,5648
nso,5649
zul,5650
nso,5651
tsn,5652
nbl,5653
sot,5654
nso,5655
nso,5656
ven,5657
nso,5658
zul,5659
ven,5660
xho,5661
zul,5662
ssw,5663
afr,5664
ven,5665
afr,5666
ssw,5667
xho,5668
nbl,5669
nbl,5670
eng,5671
sot,5672
afr,5673
ven,5674
nso,5675
ven,5676
nso,5677
eng,5678
nso,5679
sot,5680
sot,5681
xho,5682
